"EMPLOYEE_ID","JOB_ID","MANAGER_ID","DEPARTMENT_ID","LOCATION_ID","COUNTRY_ID","FIRST_NAME","LAST_NAME","SALARY","COMMISSION_PCT","DEPARTMENT_NAME","JOB_TITLE","CITY","STATE_PROVINCE","COUNTRY_NAME","REGION_NAME"
198,"SH_CLERK",124,50,1500,"US","Donald","OConnell",2600,,"Shipping","Shipping Clerk","South San Francisco","California","United States of America","Americas"
199,"SH_CLERK",124,50,1500,"US","Douglas","Grant",2600,,"Shipping","Shipping Clerk","South San Francisco","California","United States of America","Americas"
200,"AD_ASST",101,10,1700,"US","Jennifer","Whalen",4400,,"Administration","Administration Assistant","Seattle","Washington","United States of America","Americas"
201,"MK_MAN",100,20,1800,"CA","Michael","Hartstein",13000,,"Marketing","Marketing Manager","Toronto","Ontario","Canada","Americas"
202,"MK_REP",201,20,1800,"CA","Pat","Fay",6000,,"Marketing","Marketing Representative","Toronto","Ontario","Canada","Americas"
203,"HR_REP",101,40,2400,"UK","Susan","Mavris",6500,,"Human Resources","Human Resources Representative","London","","United Kingdom","Europe"
204,"PR_REP",101,70,2700,"DE","Hermann","Baer",10000,,"Public Relations","Public Relations Representative","Munich","Bavaria","Germany","Europe"
205,"AC_MGR",101,110,1700,"US","Shelley","Higgins",12008,,"Accounting","Accounting Manager","Seattle","Washington","United States of America","Americas"
206,"AC_ACCOUNT",205,110,1700,"US","William","Gietz",8300,,"Accounting","Public Accountant","Seattle","Washington","United States of America","Americas"
100,"AD_PRES",,90,1700,"US","Steven","King",24000,,"Executive","President","Seattle","Washington","United States of America","Americas"
101,"AD_VP",100,90,1700,"US","Neena","Kochhar",17000,,"Executive","Administration Vice President","Seattle","Washington","United States of America","Americas"
102,"AD_VP",100,90,1700,"US","Lex","De Haan",17000,,"Executive","Administration Vice President","Seattle","Washington","United States of America","Americas"
103,"IT_PROG",102,60,1400,"US","Alexander","Hunold",9000,,"IT","Programmer","Southlake","Texas","United States of America","Americas"
104,"IT_PROG",103,60,1400,"US","Bruce","Ernst",6000,,"IT","Programmer","Southlake","Texas","United States of America","Americas"
105,"IT_PROG",103,60,1400,"US","David","Austin",4800,,"IT","Programmer","Southlake","Texas","United States of America","Americas"
106,"IT_PROG",103,60,1400,"US","Valli","Pataballa",4800,,"IT","Programmer","Southlake","Texas","United States of America","Americas"
107,"IT_PROG",103,60,1400,"US","Diana","Lorentz",4200,,"IT","Programmer","Southlake","Texas","United States of America","Americas"
108,"FI_MGR",101,100,1700,"US","Nancy","Greenberg",12008,,"Finance","Finance Manager","Seattle","Washington","United States of America","Americas"
109,"FI_ACCOUNT",108,100,1700,"US","Daniel","Faviet",9000,,"Finance","Accountant","Seattle","Washington","United States of America","Americas"
110,"FI_ACCOUNT",108,100,1700,"US","John","Chen",8200,,"Finance","Accountant","Seattle","Washington","United States of America","Americas"
111,"FI_ACCOUNT",108,100,1700,"US","Ismael","Sciarra",7700,,"Finance","Accountant","Seattle","Washington","United States of America","Americas"
112,"FI_ACCOUNT",108,100,1700,"US","Jose Manuel","Urman",7800,,"Finance","Accountant","Seattle","Washington","United States of America","Americas"
113,"FI_ACCOUNT",108,100,1700,"US","Luis","Popp",6900,,"Finance","Accountant","Seattle","Washington","United States of America","Americas"
114,"PU_MAN",100,30,1700,"US","Den","Raphaely",11000,,"Purchasing","Purchasing Manager","Seattle","Washington","United States of America","Americas"
115,"PU_CLERK",114,30,1700,"US","Alexander","Khoo",3100,,"Purchasing","Purchasing Clerk","Seattle","Washington","United States of America","Americas"
116,"PU_CLERK",114,30,1700,"US","Shelli","Baida",2900,,"Purchasing","Purchasing Clerk","Seattle","Washington","United States of America","Americas"
117,"PU_CLERK",114,30,1700,"US","Sigal","Tobias",2800,,"Purchasing","Purchasing Clerk","Seattle","Washington","United States of America","Americas"
118,"PU_CLERK",114,30,1700,"US","Guy","Himuro",2600,,"Purchasing","Purchasing Clerk","Seattle","Washington","United States of America","Americas"
119,"PU_CLERK",114,30,1700,"US","Karen","Colmenares",2500,,"Purchasing","Purchasing Clerk","Seattle","Washington","United States of America","Americas"
120,"ST_MAN",100,50,1500,"US","Matthew","Weiss",8000,,"Shipping","Stock Manager","South San Francisco","California","United States of America","Americas"
121,"ST_MAN",100,50,1500,"US","Adam","Fripp",8200,,"Shipping","Stock Manager","South San Francisco","California","United States of America","Americas"
122,"ST_MAN",100,50,1500,"US","Payam","Kaufling",7900,,"Shipping","Stock Manager","South San Francisco","California","United States of America","Americas"
123,"ST_MAN",100,50,1500,"US","Shanta","Vollman",6500,,"Shipping","Stock Manager","South San Francisco","California","United States of America","Americas"
124,"ST_MAN",100,50,1500,"US","Kevin","Mourgos",5800,,"Shipping","Stock Manager","South San Francisco","California","United States of America","Americas"
125,"ST_CLERK",120,50,1500,"US","Julia","Nayer",3200,,"Shipping","Stock Clerk","South San Francisco","California","United States of America","Americas"
126,"ST_CLERK",120,50,1500,"US","Irene","Mikkilineni",2700,,"Shipping","Stock Clerk","South San Francisco","California","United States of America","Americas"
127,"ST_CLERK",120,50,1500,"US","James","Landry",2400,,"Shipping","Stock Clerk","South San Francisco","California","United States of America","Americas"
128,"ST_CLERK",120,50,1500,"US","Steven","Markle",2200,,"Shipping","Stock Clerk","South San Francisco","California","United States of America","Americas"
129,"ST_CLERK",121,50,1500,"US","Laura","Bissot",3300,,"Shipping","Stock Clerk","South San Francisco","California","United States of America","Americas"
130,"ST_CLERK",121,50,1500,"US","Mozhe","Atkinson",2800,,"Shipping","Stock Clerk","South San Francisco","California","United States of America","Americas"
131,"ST_CLERK",121,50,1500,"US","James","Marlow",2500,,"Shipping","Stock Clerk","South San Francisco","California","United States of America","Americas"
132,"ST_CLERK",121,50,1500,"US","TJ","Olson",2100,,"Shipping","Stock Clerk","South San Francisco","California","United States of America","Americas"
133,"ST_CLERK",122,50,1500,"US","Jason","Mallin",3300,,"Shipping","Stock Clerk","South San Francisco","California","United States of America","Americas"
134,"ST_CLERK",122,50,1500,"US","Michael","Rogers",2900,,"Shipping","Stock Clerk","South San Francisco","California","United States of America","Americas"
135,"ST_CLERK",122,50,1500,"US","Ki","Gee",2400,,"Shipping","Stock Clerk","South San Francisco","California","United States of America","Americas"
136,"ST_CLERK",122,50,1500,"US","Hazel","Philtanker",2200,,"Shipping","Stock Clerk","South San Francisco","California","United States of America","Americas"
137,"ST_CLERK",123,50,1500,"US","Renske","Ladwig",3600,,"Shipping","Stock Clerk","South San Francisco","California","United States of America","Americas"
138,"ST_CLERK",123,50,1500,"US","Stephen","Stiles",3200,,"Shipping","Stock Clerk","South San Francisco","California","United States of America","Americas"
139,"ST_CLERK",123,50,1500,"US","John","Seo",2700,,"Shipping","Stock Clerk","South San Francisco","California","United States of America","Americas"
140,"ST_CLERK",123,50,1500,"US","Joshua","Patel",2500,,"Shipping","Stock Clerk","South San Francisco","California","United States of America","Americas"
141,"ST_CLERK",124,50,1500,"US","Trenna","Rajs",3500,,"Shipping","Stock Clerk","South San Francisco","California","United States of America","Americas"
142,"ST_CLERK",124,50,1500,"US","Curtis","Davies",3100,,"Shipping","Stock Clerk","South San Francisco","California","United States of America","Americas"
143,"ST_CLERK",124,50,1500,"US","Randall","Matos",2600,,"Shipping","Stock Clerk","South San Francisco","California","United States of America","Americas"
144,"ST_CLERK",124,50,1500,"US","Peter","Vargas",2500,,"Shipping","Stock Clerk","South San Francisco","California","United States of America","Americas"
145,"SA_MAN",100,80,2500,"UK","John","Russell",14000,0.4,"Sales","Sales Manager","Oxford","Oxford","United Kingdom","Europe"
146,"SA_MAN",100,80,2500,"UK","Karen","Partners",13500,0.3,"Sales","Sales Manager","Oxford","Oxford","United Kingdom","Europe"
147,"SA_MAN",100,80,2500,"UK","Alberto","Errazuriz",12000,0.3,"Sales","Sales Manager","Oxford","Oxford","United Kingdom","Europe"
148,"SA_MAN",100,80,2500,"UK","Gerald","Cambrault",11000,0.3,"Sales","Sales Manager","Oxford","Oxford","United Kingdom","Europe"
149,"SA_MAN",100,80,2500,"UK","Eleni","Zlotkey",10500,0.2,"Sales","Sales Manager","Oxford","Oxford","United Kingdom","Europe"
150,"SA_REP",145,80,2500,"UK","Peter","Tucker",10000,0.3,"Sales","Sales Representative","Oxford","Oxford","United Kingdom","Europe"
151,"SA_REP",145,80,2500,"UK","David","Bernstein",9500,0.25,"Sales","Sales Representative","Oxford","Oxford","United Kingdom","Europe"
152,"SA_REP",145,80,2500,"UK","Peter","Hall",9000,0.25,"Sales","Sales Representative","Oxford","Oxford","United Kingdom","Europe"
153,"SA_REP",145,80,2500,"UK","Christopher","Olsen",8000,0.2,"Sales","Sales Representative","Oxford","Oxford","United Kingdom","Europe"
154,"SA_REP",145,80,2500,"UK","Nanette","Cambrault",7500,0.2,"Sales","Sales Representative","Oxford","Oxford","United Kingdom","Europe"
155,"SA_REP",145,80,2500,"UK","Oliver","Tuvault",7000,0.15,"Sales","Sales Representative","Oxford","Oxford","United Kingdom","Europe"
156,"SA_REP",146,80,2500,"UK","Janette","King",10000,0.35,"Sales","Sales Representative","Oxford","Oxford","United Kingdom","Europe"
157,"SA_REP",146,80,2500,"UK","Patrick","Sully",9500,0.35,"Sales","Sales Representative","Oxford","Oxford","United Kingdom","Europe"
158,"SA_REP",146,80,2500,"UK","Allan","McEwen",9000,0.35,"Sales","Sales Representative","Oxford","Oxford","United Kingdom","Europe"
159,"SA_REP",146,80,2500,"UK","Lindsey","Smith",8000,0.3,"Sales","Sales Representative","Oxford","Oxford","United Kingdom","Europe"
160,"SA_REP",146,80,2500,"UK","Louise","Doran",7500,0.3,"Sales","Sales Representative","Oxford","Oxford","United Kingdom","Europe"
161,"SA_REP",146,80,2500,"UK","Sarath","Sewall",7000,0.25,"Sales","Sales Representative","Oxford","Oxford","United Kingdom","Europe"
162,"SA_REP",147,80,2500,"UK","Clara","Vishney",10500,0.25,"Sales","Sales Representative","Oxford","Oxford","United Kingdom","Europe"
163,"SA_REP",147,80,2500,"UK","Danielle","Greene",9500,0.15,"Sales","Sales Representative","Oxford","Oxford","United Kingdom","Europe"
164,"SA_REP",147,80,2500,"UK","Mattea","Marvins",7200,0.1,"Sales","Sales Representative","Oxford","Oxford","United Kingdom","Europe"
165,"SA_REP",147,80,2500,"UK","David","Lee",6800,0.1,"Sales","Sales Representative","Oxford","Oxford","United Kingdom","Europe"
166,"SA_REP",147,80,2500,"UK","Sundar","Ande",6400,0.1,"Sales","Sales Representative","Oxford","Oxford","United Kingdom","Europe"
167,"SA_REP",147,80,2500,"UK","Amit","Banda",6200,0.1,"Sales","Sales Representative","Oxford","Oxford","United Kingdom","Europe"
168,"SA_REP",148,80,2500,"UK","Lisa","Ozer",11500,0.25,"Sales","Sales Representative","Oxford","Oxford","United Kingdom","Europe"
169,"SA_REP",148,80,2500,"UK","Harrison","Bloom",10000,0.2,"Sales","Sales Representative","Oxford","Oxford","United Kingdom","Europe"
170,"SA_REP",148,80,2500,"UK","Tayler","Fox",9600,0.2,"Sales","Sales Representative","Oxford","Oxford","United Kingdom","Europe"
171,"SA_REP",148,80,2500,"UK","William","Smith",7400,0.15,"Sales","Sales Representative","Oxford","Oxford","United Kingdom","Europe"
172,"SA_REP",148,80,2500,"UK","Elizabeth","Bates",7300,0.15,"Sales","Sales Representative","Oxford","Oxford","United Kingdom","Europe"
173,"SA_REP",148,80,2500,"UK","Sundita","Kumar",6100,0.1,"Sales","Sales Representative","Oxford","Oxford","United Kingdom","Europe"
174,"SA_REP",149,80,2500,"UK","Ellen","Abel",11000,0.3,"Sales","Sales Representative","Oxford","Oxford","United Kingdom","Europe"
175,"SA_REP",149,80,2500,"UK","Alyssa","Hutton",8800,0.25,"Sales","Sales Representative","Oxford","Oxford","United Kingdom","Europe"
176,"SA_REP",149,80,2500,"UK","Jonathon","Taylor",8600,0.2,"Sales","Sales Representative","Oxford","Oxford","United Kingdom","Europe"
177,"SA_REP",149,80,2500,"UK","Jack","Livingston",8400,0.2,"Sales","Sales Representative","Oxford","Oxford","United Kingdom","Europe"
179,"SA_REP",149,80,2500,"UK","Charles","Johnson",6200,0.1,"Sales","Sales Representative","Oxford","Oxford","United Kingdom","Europe"
180,"SH_CLERK",120,50,1500,"US","Winston","Taylor",3200,,"Shipping","Shipping Clerk","South San Francisco","California","United States of America","Americas"
181,"SH_CLERK",120,50,1500,"US","Jean","Fleaur",3100,,"Shipping","Shipping Clerk","South San Francisco","California","United States of America","Americas"
182,"SH_CLERK",120,50,1500,"US","Martha","Sullivan",2500,,"Shipping","Shipping Clerk","South San Francisco","California","United States of America","Americas"
183,"SH_CLERK",120,50,1500,"US","Girard","Geoni",2800,,"Shipping","Shipping Clerk","South San Francisco","California","United States of America","Americas"
184,"SH_CLERK",121,50,1500,"US","Nandita","Sarchand",4200,,"Shipping","Shipping Clerk","South San Francisco","California","United States of America","Americas"
185,"SH_CLERK",121,50,1500,"US","Alexis","Bull",4100,,"Shipping","Shipping Clerk","South San Francisco","California","United States of America","Americas"
186,"SH_CLERK",121,50,1500,"US","Julia","Dellinger",3400,,"Shipping","Shipping Clerk","South San Francisco","California","United States of America","Americas"
187,"SH_CLERK",121,50,1500,"US","Anthony","Cabrio",3000,,"Shipping","Shipping Clerk","South San Francisco","California","United States of America","Americas"
188,"SH_CLERK",122,50,1500,"US","Kelly","Chung",3800,,"Shipping","Shipping Clerk","South San Francisco","California","United States of America","Americas"
189,"SH_CLERK",122,50,1500,"US","Jennifer","Dilly",3600,,"Shipping","Shipping Clerk","South San Francisco","California","United States of America","Americas"
190,"SH_CLERK",122,50,1500,"US","Timothy","Gates",2900,,"Shipping","Shipping Clerk","South San Francisco","California","United States of America","Americas"
191,"SH_CLERK",122,50,1500,"US","Randall","Perkins",2500,,"Shipping","Shipping Clerk","South San Francisco","California","United States of America","Americas"
192,"SH_CLERK",123,50,1500,"US","Sarah","Bell",4000,,"Shipping","Shipping Clerk","South San Francisco","California","United States of America","Americas"
193,"SH_CLERK",123,50,1500,"US","Britney","Everett",3900,,"Shipping","Shipping Clerk","South San Francisco","California","United States of America","Americas"
194,"SH_CLERK",123,50,1500,"US","Samuel","McCain",3200,,"Shipping","Shipping Clerk","South San Francisco","California","United States of America","Americas"
195,"SH_CLERK",123,50,1500,"US","Vance","Jones",2800,,"Shipping","Shipping Clerk","South San Francisco","California","United States of America","Americas"
196,"SH_CLERK",124,50,1500,"US","Alana","Walsh",3100,,"Shipping","Shipping Clerk","South San Francisco","California","United States of America","Americas"
197,"SH_CLERK",124,50,1500,"US","Kevin","Feeney",3000,,"Shipping","Shipping Clerk","South San Francisco","California","United States of America","Americas"
